accuracy,macro_precision,macro_recall,macro_f1
0.9740740740740741,0.9734483308820391,0.9729666666666666,0.9731584925387887
