accuracy,macro_precision,macro_recall,macro_f1
0.9829629629629629,0.9827968521446317,0.9824666666666667,0.9826103877947266
