accuracy,macro_precision,macro_recall,macro_f1
0.9775925925925926,0.9778348354761471,0.9771166666666666,0.977344457916472
