accuracy,macro_precision,macro_recall,macro_f1
0.9803703703703703,0.9800797836019847,0.9801666666666666,0.9800189692806605
