accuracy,macro_precision,macro_recall,macro_f1
0.9672222222222222,0.9673522939262826,0.9656166666666666,0.9662628096717555
