accuracy,macro_precision,macro_recall,macro_f1
0.9668518518518519,0.9650246024450377,0.9662166666666666,0.9652709806233645
