accuracy,macro_precision,macro_recall,macro_f1
0.9787037037037037,0.9787692982798717,0.9768833333333333,0.9777155479953074
