accuracy,macro_precision,macro_recall,macro_f1
0.9866666666666667,0.9866334224284772,0.9858666666666667,0.9862268782042213
